{"version":15,"hash":{"type":"Buffer","data":"2tB79ftSackwOl4biWxJC3FPAWENXwLVGg8DqnHe1eighToUe29pwqHT+zwEACASHgwkbx2oH+WlXkaCrQ0Fz3jvCuWfOJWdRsBBDBPF4TmA1NBOHUU2vM7OeR8RX/0z9OTU4x04KV+g1/3jigvrZdvmxMBhoTbdnBrD1v42+TI="},"indexValueMap":{"Alq5fTGDyO7K14MtTuuDaHhnD1zj9bL4NhIuBAF8nOc=":{"valueMac":{"type":"Buffer","data":"J1n6BAciWf5ftsM9NmxPT9AJaDKwvU4XhK+iX2OV4wk="}},"Ga6D8gl+wWLHMcXjVL6a0SHvlBOUXazCkAljZ6Wj0/I=":{"valueMac":{"type":"Buffer","data":"hvGxFNRtmz+1HdNOW6NaiWZVO2UnNvmAXnkTzOGZSjA="}},"IuRGt9SfsIcDlPV7bndX1cd0larqWyhB+gv/rbbb+dk=":{"valueMac":{"type":"Buffer","data":"7ifate6ijRXTkBu3awK/LK/785YKKgbu73LW0N6Tq9k="}},"MnWn3Sbd3lwJ5ahotLZsuq35y2jcqAe9VB+ww+7l7s4=":{"valueMac":{"type":"Buffer","data":"f6AjtZPDeb18hFfqy0kiSQak1Pqmkv3uNHgSkLqhbH8="}},"N3xNmWUJGpfnCCfmwqRwDu+PaGwp/mmBdtozriKYpGM=":{"valueMac":{"type":"Buffer","data":"nKs8xg+BGsfleli1f9cplRVJwBQP/DLzM5fZhtZcOpQ="}},"P/uBb7sC3xXN+jZS+vU20kFktGfIMOxRoetobg+ZlWA=":{"valueMac":{"type":"Buffer","data":"uHp3qi/l0pPjqB1TJCAH79bB4oRdLv0gxI7IdbRQVDQ="}},"SH/9V8h2c0AzdTGVSa5erOI6KU+MkJvycOHTlET4HpU=":{"valueMac":{"type":"Buffer","data":"spTPps79n2RQpgs7/e86QaO1L8YEchhJaLBuzcgk7RQ="}},"ZCDBPPTg9RfmNVD8Ef+2nJp0di0h+LIMcsUsASJ6DSg=":{"valueMac":{"type":"Buffer","data":"BUkDTWl6Za54MX1giLO5oXaUG0hrd2oRPi6hnIh0ysA="}},"eyhIBHsSOwtN3uMo+HQfnFhb5G9HD1ZCv9R1nUg2XhE=":{"valueMac":{"type":"Buffer","data":"mPMxAStBTWuXwsq0jD79HNZ4bszEeeQTqBS0LtNTYOU="}},"hyz56++eWMG1qMcB3wNuGvfV709Mnhp8qZj3FpH/t5M=":{"valueMac":{"type":"Buffer","data":"uRjo2iVupKfDt303lwxHkbqBy72GOhRGR4EQKZwI4+E="}},"kdmW2PF1Z03XNsFWIDg5J9TWsyUd1Ur3o1ZAZqDh9nw=":{"valueMac":{"type":"Buffer","data":"uggnBcV5/nDJykyVEeBptJ3rCtCmBhgIowXcWtsEzbY="}},"lW8o7jPY+oUSTpZ5tcc/c978sHMb6gyAZ8xiXLljbcM=":{"valueMac":{"type":"Buffer","data":"w3bN28BepIj6ckdU1b2PhKdLGV9/fmg+EDSHT9LrhiU="}},"ltZGpE7BNKxWFi58sdD9K9l7BVauJegm+a7PDH5oIV0=":{"valueMac":{"type":"Buffer","data":"VcuRFZcgZb9VBp3DEF/EHdwkmZzr4CAOYCFBtt5KApY="}},"outlz2IyTKGHWfFbg0zu/dZowt2SArV/soYzlUVmdGk=":{"valueMac":{"type":"Buffer","data":"PQGsfqN5SpGrnnrpVBc+3hbCC4kysyHR509ZnIEN1l4="}},"re6cBQh2PirMXLPEJisMwgI7brNTKD5PJ2ObcomC3BY=":{"valueMac":{"type":"Buffer","data":"eWtptjz1WtnWCYFMsXV7/Gsdt7sS31vpKvjcYYiWMr4="}},"weYdgBmD4X06pnU1Bb2u/i+Z4i/iobd7uWTKF257PnM=":{"valueMac":{"type":"Buffer","data":"yq6pEbNbaZStn7o/v4efT8fnxoU4KvHk2ILo3KQvTi4="}},"7RRW4e72DWHbrd60XlQ2riJptWene6aER46ZaItcMBs=":{"valueMac":{"type":"Buffer","data":"YSSsWnr8+UMhIDn3Ua2rNr8U7LB1N0VK9gQJey4zPPY="}},"KGyVFMYlxDJsTCI7NDXjB2GUDVN5bbHKDY29SyKbQG8=":{"valueMac":{"type":"Buffer","data":"nA7o89bCk0Hfc9jahYGxAzkyL3/8+/dvc/naBbr2UCo="}},"YXwibnQ/YZa9LbbeIM1tbveaTvkP/rUStclKxWAxM0g=":{"valueMac":{"type":"Buffer","data":"Xvwy6kRnafc/kvc5HCzWxnlinthu3MILZCm2fclEe2U="}}}}