{"version":10,"hash":{"type":"Buffer","data":"KNAPg9BHf9yoboo+BXODiynXffWiLEufnBg18Tf6lD5u6wige+7jkXZ2jgwfmoC8ra2zg/LaTbQJEX/WRpPqPgnlk73QACCXmWgal+qSBdilfkDAZYO9CKiOv2U9vVQbltje4I1yR6hZ29i03LfcF8oYrVVdNBTZwitZkCcvQDQ="},"indexValueMap":{"TbD0BQRr6aJyo/3dgL88Ij17yguTn+V5k7enuDZFOSc=":{"valueMac":{"type":"Buffer","data":"+sutxXzAvPHS1B7mQdmA1iPop4lRMqJmHa0zOXGvJQw="}},"XEf5jCdk/WHLblT9L2CLJZKqPOWeehWWs4e9Dnhlam0=":{"valueMac":{"type":"Buffer","data":"uwDhY7O8ugB434niEb/dsGIMPPG3U/XEMhSGVXFF0a4="}},"Z45OOZrgmvZmf0eLLNBI08sKC+Uxti2YTpCWPXaIn5w=":{"valueMac":{"type":"Buffer","data":"jcDrEa2k14uB1KaB6BzRTUsTMB/XPw/COdRNUU90sqg="}},"aVIQSqoiG5rKs8okLob/+3wnAWh0Zptmp0t14IBchYw=":{"valueMac":{"type":"Buffer","data":"wDEwFTP4ZSyrl0LB7JwnyMQJVRG5pYKADtbnpKcLgXg="}},"a4axzjAeZEbOzip0q3SxO5bV85L5JrCQUkHm7HvFp34=":{"valueMac":{"type":"Buffer","data":"8cGahmejX70Q90fKJDtYJB4RmpJL59ASFGjPfH/Cgwo="}},"ip3w1dQ745sWeBkMN0IaeLBhOFpBSCYUORGvcfamrIw=":{"valueMac":{"type":"Buffer","data":"PrBd1aJp0rZB2OOOcglE73DNvSQYODM1UmKzKRewvco="}},"tKxNw94mMqUm4rYn5Ly820dWul7UT3VKLvm4wBcwKCI=":{"valueMac":{"type":"Buffer","data":"xaZ9fhLyFDNVx5DzxEOBGC9HbXP1daZtAh4/JZR+vCc="}},"04fRuKP6FzaMnwika+9SK5OyhujEIfDizNA/IQxccJY=":{"valueMac":{"type":"Buffer","data":"OEreHEtrx5qzO5dbifoYbjW3pziPpvBLflw0gy7dvF4="}},"4gKaCiFL7RZqq55u0EIkow2xU6Tm0+fiwtUXKFvtQkU=":{"valueMac":{"type":"Buffer","data":"vRI7/bigx4GmBJXtAz9EfI/v8Y7FEuD5WfczDEwDFek="}},"+Q7qdYQio8A4q43n4ynxwvdLFzVTjv/LePQGZwPGL4g=":{"valueMac":{"type":"Buffer","data":"7KDpBQdHvnmUC+K1Zm2W0sqmATntyBbPBTyOYhqGkh0="}},"AoryB4I4JcCYxieeP1G615VumP9EtNbv4e2S/ZK7wJ4=":{"valueMac":{"type":"Buffer","data":"KNPjD9Or14bpweuIWL8PHmeFYl1cHhErWukMWMF4r2U="}},"IOo9W8cUeihg5xjf9gB3xzWNTSvDkmeFm5bToT0MeDQ=":{"valueMac":{"type":"Buffer","data":"T4JeROObjqVX+9NKQyPSin/5GAzVVIObPYOF7TI+eGM="}}}}