{"version":27,"hash":{"type":"Buffer","data":"go+Aj4E1cZKbwVrImZgiqr7O3GZXIGbdo1goaW7HfHGf2sdBH+JXRBEaLG5bSCH99yviOEXsDlvtFlHlYVQv2Iza1OFoUETyR7bal/O+Q9/Zjnbumwv9aLaVDny1vhXJZx/3ZSC36zr6Pb/KbEsnO9O/kFpH9tBsYDSv7th831E="},"indexValueMap":{"UUgRgMtUJfmborqVpZ4HqHUASRAJXKJFxDPHEK1M8a0=":{"valueMac":{"type":"Buffer","data":"8LvDR6Qbg/GX+8EEKnbf4EfA9GcTQP8IJQq9vGqPRFA="}},"ghYAVyZETAQ/ZcM2McR/ufg4ZHpISvnrLrx1NLRp8wo=":{"valueMac":{"type":"Buffer","data":"jGudPREPkMQAGbjQ+v0ewa6OdfpEyg8JfQgCGX0z7nM="}},"qoqJ2mpfyPzApwWWYZ80oRGnS8UgXEA8E3OH30KRjSY=":{"valueMac":{"type":"Buffer","data":"Y+ueyz4brbzgXMDNffohazjQG7knyV6DsooQSjmwzHQ="}},"wl1NRP/tPPt78pguRk/70JP5F3vcp+RM/XbK5P2I00A=":{"valueMac":{"type":"Buffer","data":"8WlBujgfyMLROjehZiZ5JH2J3/XSGkUt5wXc9h59A0Q="}},"2VmV9s3kCND3Qg+6CkFfnSNVBFK+93e1mA5gpsHYPu4=":{"valueMac":{"type":"Buffer","data":"dbr1n9qAEuinXRCjxhfsvBY4Z4uOu8x+Q1n036Ir4s8="}},"+CfKMqCZIRaeeTk5WP+pl4vyT8AOTqig+1+XN0nuSfU=":{"valueMac":{"type":"Buffer","data":"xcIuqiEy/J5qx0+F5qzntVGiQMfdJ8uMDL2VsfDojnA="}},"ijVckqt07WdY0e5/n/Mz8Ty8KBASdVYfo+bj/B19rS8=":{"valueMac":{"type":"Buffer","data":"wCDv6enAI39oJ5CJDYz7Lu+dj42hxdOZZ7eLbDAD1/4="}},"uhxoSdXs16uiq+3R4bFtIQ9RAqn9+lTxV2mJXFomLkU=":{"valueMac":{"type":"Buffer","data":"+ZcRLt8C0isg8wl6j5sJSldjeU5hyqtCJ/gmopNBijw="}},"btn4oQel+QLRMWyyrC1hlmxAVuUAX2zFKAS+cmoqhlY=":{"valueMac":{"type":"Buffer","data":"ElZ1Ri7X2TG7Wf2phUou9piPUo/ksPuiGAqhMvk7XxI="}},"+joaNPzCv4iMYP3FFsjwyukuQWFS/epYwZjLqE5l9As=":{"valueMac":{"type":"Buffer","data":"cBunfomlxsEEppZNpqbyDp04rbRZ1dCXznVva0Ug0Vo="}},"5wCYl/kd/T50C9waT7hZ3YwfvpOGoa0ahJFPXKZTqYs=":{"valueMac":{"type":"Buffer","data":"mmTJ4pq+I+W3CIyZX3ppjrWNipu9XU3Rc/DRdOvebgY="}},"aUAlysU3iRhGKy3QVI9hkOwaHSGTYL6X5qZ+nAecjhQ=":{"valueMac":{"type":"Buffer","data":"+qnlmZFCSJpQR2AFpep2MkvEY5LFuTxAMaOdUcxdvEA="}},"gWhT/TjU7B6o4485lSLoFg11CK2IT3ntV7PN/GWU2/o=":{"valueMac":{"type":"Buffer","data":"DIQlRBjX188dlEWhjcp5yTLBcJW461/6Oq2Uwl2r688="}},"mjxSTpJMwLw9RVm30gC1yWbZMUehAAK1XLp2dEKEtEs=":{"valueMac":{"type":"Buffer","data":"fHhu3OzaTnJFnGaWiGz9bvEHsWwMpUEpWLqkN7YdA6M="}},"JKWOsoYrcX0oZh+AXK/dhafv5u4TV9da1GDtNrCyndk=":{"valueMac":{"type":"Buffer","data":"m+Up0NUTRkNa0mcgT352OFVGw/RIAD678P43SAl4cLY="}}}}