{"version":84,"hash":{"type":"Buffer","data":"Wtin+xgsTWTZtDekbvsRn8mGv/H5NWWvAFBONtAFqjQ3g/YJF1xgo/djE68Flee78AKk5cOTy8rmTM3svjyxPgP4QIPwjautaRLO4CjyMO82gDCucc9DXV+0qCx53SYUS7zv4ZwUlKgoXX21htvs4GpjIAjTlRx+i2Qap2xFHJo="},"indexValueMap":{"A29v3IWUhrtknv8zBuFwSrNHEXk8pG6jx94QckV7GJM=":{"valueMac":{"type":"Buffer","data":"Mp8vsYjwWMbbUVJ0lb39aai02eRHbWM+zO2NhwumUWQ="}},"A6tW+6e0aTEukyauwyUeQ6Qov4FEunPoTpg77/zI1no=":{"valueMac":{"type":"Buffer","data":"fWdWhDj3PsSrerfX00FmN1SAjFzNyIK2xNDPAiecGd8="}},"Be8UlPi4OADpcgrMBJ3INgZJOZqBPVvNqvA9yeGwFck=":{"valueMac":{"type":"Buffer","data":"ZmbIX4WArpvaP0M0GSBGV0t/jD6aavQL9hip4NUQnUs="}},"Bigc/cnlNMYp1sHOCMZAv0BfVb8sZPboBEsPYnvZbeA=":{"valueMac":{"type":"Buffer","data":"gDBxjGcthwbG0dR2tKkyd0l7Kap9Zqqi64QSwsgraQM="}},"B8GoP3OuNPn1W0k6GQBInpv50de+yewuojhU+Adz4jU=":{"valueMac":{"type":"Buffer","data":"TuWjYVmInOdLdu3MCB698uhZgSObhgwGdvQi+ptk/MU="}},"Cc8YwXFxB+XjFADoc8ewli0oBCCfZOEXm3JCCg+FE+s=":{"valueMac":{"type":"Buffer","data":"eXxq86tKq0yPZiSi2KUzAlNUeJzNpCnT3rg/euKop7k="}},"C6S9XkKrGhZGBKaxlderzsi+hFbcuADkvN57MNn+Jn8=":{"valueMac":{"type":"Buffer","data":"1CC7m/CjgGTIohRYlu6zSDfQTlB1Ee5uk9pMW2aCMC0="}},"Da/pRyBP+nttZSyowmbBlyrkLz6liEE7pFcCf2TbfhI=":{"valueMac":{"type":"Buffer","data":"2HlD/rzTlponrJpWUz/gN2sgFnOpvhSSOhOrYVrMjBk="}},"DeQc+38mdmbJAZpP7V87A00Poz7TcYc+eLOot68uFdk=":{"valueMac":{"type":"Buffer","data":"unXl07G7ztmhx5sidMphnf5fu5sT4hSQRDf89Y5w+jA="}},"D/cLdCmNFip85niRG5SnRdi3uRmQ6cHJxFhMDXzw6b8=":{"valueMac":{"type":"Buffer","data":"h1gQaJb/I5vvEFtEAiZrxQEQuxOC866SlQ/FfITCpno="}},"FRMMjsT8GfkJA3xwLiekRIyGihUyzzxOrqe+3axNVsA=":{"valueMac":{"type":"Buffer","data":"Pr9EeE0KIXPFPVBRuxVtTSsKhcwr61FaZYP8AnxOvwk="}},"FUGzkAnPM/mu+oBd6FgjylmC1zDLNKHnrzrA7+TmYoM=":{"valueMac":{"type":"Buffer","data":"iHzzjIvpLfdCsO2eOAh6iJfHv7HCcjIZooVG2oPFypw="}},"F8dV9OyAWL7CPIYXY4x7g5PKYVxSuBSqZ4rkHBqawHM=":{"valueMac":{"type":"Buffer","data":"9M1HUXI9tYwTL2T2hwr3meqMqVbIhnBeJT4cSLHtnTw="}},"HPgTASCeTIcN9v+3wO+r2KJXUi1gVos9w8dfbpM+Z+w=":{"valueMac":{"type":"Buffer","data":"5xM+ORjDLBCqRxnVX2cpWDBytd9uSCzgC0VKM6D+qCk="}},"HSE/k3r7kaVsJvG18a6GO5tUgxhOuPhjENRbDHgBjFU=":{"valueMac":{"type":"Buffer","data":"L5ISdDqebB1qJ6nyvHg+5UMytUmdKKqCEdOXE5FuVNo="}},"H2dkd8IC3MT24htQBuf6bOxKUdt93e16Bdn5oQZ5Aog=":{"valueMac":{"type":"Buffer","data":"OdBBO0mvATQQKCX/abkseyDJ6mwExMyu7XTUlzSDg9g="}},"IJOL6qWMjCFbwgB7khSgRwVz5xWeAFxCkYXlzoiNRwo=":{"valueMac":{"type":"Buffer","data":"s9/1Gx6LOOGSMHp8zxrmX7kSsJQf3DYlUFz3omFXbtI="}},"Iy33qKl8WAfBg8NHY0J8hP65vkhevGBduWjT9VnIHog=":{"valueMac":{"type":"Buffer","data":"7XgapmgoQ8Yb9tXzmiUKnTU94pU80WtZUz9Eok4omI8="}},"Jcr59BlDP5YMlFcqtz9ATc9FvbsFS2LS5BXQJv856jo=":{"valueMac":{"type":"Buffer","data":"QlGuhBSNSydNMy7Q/vX6MYi79l4vkd/vVwsSbcXfyNg="}},"LR5wgdQuqvck43u5Q6JuEluKmCVU1qjIbQFmyp+9iME=":{"valueMac":{"type":"Buffer","data":"v96aCimMRGQLUeKOy8zsyDatQ/vALe2SzQDskA8lH6c="}},"LTus8dBEczGY89QYrypd5EXA4E6H4A8DxWVVr3FCcwQ=":{"valueMac":{"type":"Buffer","data":"QHT+72RST1ZKS12yg8RVlpIi6xiXE5RLa/fYyeA//2Q="}},"MK2KXyVCN93IwSOASE1YitJ9O1HAkoQnx3O7wZwyngM=":{"valueMac":{"type":"Buffer","data":"1a8hPP1RpHMKj3Api4bb16PrPLLsd6I8jYMKRgb2AfI="}},"MiBSifJRJEDhb5xcX/w9w4zVa1vQr3lVt5bQSpdnVWc=":{"valueMac":{"type":"Buffer","data":"FDDH8rpHeuTp5GpncBViZE3L6MSV1mesv8k1wvBbAxY="}},"NofFhvn0XZR3n4AAT6g3kMGXMwYaT9l56ix3WL/N8k4=":{"valueMac":{"type":"Buffer","data":"YpDt6MS9/GqFNxZjkbwS5EDfZyCovuogIR3b9jpxtLc="}},"N9BbHkWz3YhMC8x/46c/J4ADFhNp3ydcI44qYCva1eo=":{"valueMac":{"type":"Buffer","data":"ucpwdMsswXWYWTsDKpvMvpcPMh0oKV1xvcQYfAI8Vd0="}},"PfXf6aOd+u4tlliLZ0DPgU2ZAkW2MzqGna17POX+Zo4=":{"valueMac":{"type":"Buffer","data":"54PPwL1nEQfJP+/0foPoTGjs+3e4unwiR0taIw1Lx/o="}},"RdvlSJ+MHHNArmMckCor3GwCuIZ4lAE3k3twTpefjcg=":{"valueMac":{"type":"Buffer","data":"p0Ka3jaDMLecvAuUTLWwsy3u/oVXz27TUd8fAiCJ8Ik="}},"SCJn2gK0uH+NjPFDaqxZuiL3Trx9liVdppkXPCqtYt8=":{"valueMac":{"type":"Buffer","data":"hViBsI+nX4eUimOaw4HrLZ4kUPEmofSLMWOBOh6erT0="}},"T6/Yx/W2h1cn/0MPfxkuNGrZv3JRUnzbZ+Ox1XQWIG4=":{"valueMac":{"type":"Buffer","data":"buWICbMfPgUu/vH0N4o/Df7hUrP1CyBq8/2diSSmmn8="}},"UGwAKf+4RSxlL+sjmBCeks3Cb1ZH+dXLw2BJpnRNOtg=":{"valueMac":{"type":"Buffer","data":"tIacQRnF8+XyO9WsJUa4AB53DiSocu73+QSxF1td9Y8="}},"Ud1zsDc8JI1sfZ9U+3eGAGEvoppF6gTnI6gmJ1DoMeE=":{"valueMac":{"type":"Buffer","data":"cQuRo/yCzBQSnTCC1Q+Lig7mbLwx9UzltsVmcal8veM="}},"VWXibhgkIbRHton4FTSH11Mrt6qkSn7YF5C8yV1/iss=":{"valueMac":{"type":"Buffer","data":"cwsf7bIAkatKqNZll5BijrTzFHgNzI3DGXs9CZk5yBE="}},"VnmQf4PNfGyTV5xYvjWJbqWqqBYIRGzk9YSku6mbQFM=":{"valueMac":{"type":"Buffer","data":"sKOHjgvjrGh2wkW4WkzzpqCxkSs8ti9r6mU5MTYzvJw="}},"V+kN+p7fsdm7Zd48vceO07V8H4Po3TEcCVnqP9UbJj0=":{"valueMac":{"type":"Buffer","data":"1vRn47VlyF+MZbz609yXDBm5BVRBCJMRrMa6FOusw3k="}},"W8+BNpeK2iV/70sb1nsrvLBIugB4TrdqQazcmKMmlXk=":{"valueMac":{"type":"Buffer","data":"YK1jzuZmAeAkkPG+vm2T07eYmbur/0Z3pB95d4r0cFI="}},"ZdnSELgHZJgKd11Zq+6YxbOgYFunxbRkpoWto6hZnlg=":{"valueMac":{"type":"Buffer","data":"M2mB17C30LdHxIS2jmMlR0ByIvjhaq8tHtxy5Skz5Vc="}},"Zs2ETtNKbmYp1cKyO/GudlKqm9EH1lXQ0QCRZbBcPEQ=":{"valueMac":{"type":"Buffer","data":"BkrBuCA0eKnMsATfbtIBLn88jAxEWG/xQrtksauuRck="}},"bgB4VGkH5a2aLbIfvz9lGpQqtIwoq5ClwyNGMN/ES3Y=":{"valueMac":{"type":"Buffer","data":"WkfWlRDkPXl0yYDI8ozQLyI4+2qBaD4vFMizQa6Kd2E="}},"cpYyFBBcZJVCoxMnk3FWpK1oyyqv/x0QdvoAmPeri6A=":{"valueMac":{"type":"Buffer","data":"uX4raizuuRYw6RiHZUE0SE3nXTtYaPR0CpinxxRQghA="}},"dLY7IaYZF6rZufSLezy/P5gDS0ZthOAwtZNLxLQ42xg=":{"valueMac":{"type":"Buffer","data":"13YQF+l0G5BWmKfO2fYkouBpFwJAbRqn4f4wUf2ant4="}},"dZn30obZXase3nIdo/MMkYQTlJFRVM2xFBr78u5T1oc=":{"valueMac":{"type":"Buffer","data":"vy6BsaVIH4ZqICWOMG7Wm6dWSW4uDTHK83M1Xl+VzIQ="}},"fBlxFGN/seURPIkYubX1aFPTWX2OtWNLEPoXJ9y1r0A=":{"valueMac":{"type":"Buffer","data":"nygJom4RHSto9Wd3iNno/USzQkJ0xWA5LDTvX4uUlJU="}},"gWCpaoB53XcShYybNmOwegnXGUgU08/vPjaHyWUWh4A=":{"valueMac":{"type":"Buffer","data":"V1Ru0rr+kv5us+6mmVRQAZF1sCiItQQigbmkPMkEeNE="}},"hDrIUrDQoWgTk51+Ke+h6IQjy5coWgNeAd+ZfnfwfKo=":{"valueMac":{"type":"Buffer","data":"G3QOYkfEyO+ptpRBo/Uf9G6joNQBZBaYFe9rGQb4B4Y="}},"h43bMjUnZ/qF0saP9pj9QBuVE7mYAyuUVptRP4ONJUQ=":{"valueMac":{"type":"Buffer","data":"epO/2j/IwJEtll29uptXwWHXfv2NNeaazywryWOFoSA="}},"i7nLVnNe7Vjrx2OwzS398s9ciTDN4VpDRefWQP8Sgzs=":{"valueMac":{"type":"Buffer","data":"BsBafV9sN9nuSGKPP6oYKsB1CKTY2TPPAnKJo1iQtMg="}},"juTxXADvV6aJDnJAbtTfVM/fqgBv5cHQb+TaWp0seWs=":{"valueMac":{"type":"Buffer","data":"9JzyYoA4Uuckay3fmNZsBkvY/OmvaDG/gURScois7xI="}},"j9uMALnMx77nFrn8AOnDt4FwWZXzNudxQ2Ecgyz/tXo=":{"valueMac":{"type":"Buffer","data":"5i/WiCwVcp32j498kRHjh7t/jbJaX9SQsgGk/XCzODI="}},"nya0gvTvRJ+nqOjIckfWNOZQkbgX1nOJYyyzUpX8DAk=":{"valueMac":{"type":"Buffer","data":"6HpxQFLkpY09xWs1MphPnUut8TAu0CE3A48A1s7fvdU="}},"rfYOD+3TKTX19VZCUDP69ajrFaKC+4I82lQghjNuRQs=":{"valueMac":{"type":"Buffer","data":"CzR0iYSrCOwkn21BHl4YJFmY6mAg+LJFNyWa2WYCq3g="}},"scm0GsiWFEiodC1kXmC2hCpn3lxAXTcM07nPOZ6sqHk=":{"valueMac":{"type":"Buffer","data":"o7CTA0gsiPvF/zy5v2Mm8uR84+oT1YtWSEMgFXJivaw="}},"ssqqkgBG5ZZ2nu7FIr2Z0JqZHM7jUItTbvdw/cvCiLs=":{"valueMac":{"type":"Buffer","data":"zviDBD4BNi9/iJF3KjIJIorqN6PQKmriWjYCYGtS8Fs="}},"tNBYfLgPyOR6lV9/LdHR1NXK1hZvzUgujnelqJa5VUg=":{"valueMac":{"type":"Buffer","data":"d5pa91MRMYsNUpl6VASDWciKT8qW0Mb7VT40ky+NxUg="}},"tmqNGQcmALdVkRO0W18jlDk3Co/kXOgvDKHkdV3bOQs=":{"valueMac":{"type":"Buffer","data":"f7vXOFmFFXGCH8mMRppvNC9jip8g/hIrAVDKnjuMGRM="}},"vAqOkKLjK8thOMAoT4UG/DyLUpIEOHxJqYG+m2igGMA=":{"valueMac":{"type":"Buffer","data":"/yqrjmW8LRQ8MH9OnA1z3dT/3cJap5X7aROhjWxO78s="}},"vLGU/pe2L5hCXiTJpj9nDN2cdG0Evprf+ldJDDmT4ek=":{"valueMac":{"type":"Buffer","data":"hdg6dsGhX+1BJ/1ym1/6KsCyb1+4ly4YTjB3Ucwa/7g="}},"w4nvS+r13smPqxFJ0doQpUX2fIb2eezwGdppBOWY44M=":{"valueMac":{"type":"Buffer","data":"z4F+cO2mHE8Kt++rZ2I9GHciymEQ9LcgEzv3Zat1lxQ="}},"xzt5eZz+nX+VYrYQnZCSmfSQ2tc33/h7WXLSkKvQ/Tk=":{"valueMac":{"type":"Buffer","data":"2XXOy7qBN+AkeyUKXNH9+ouh+MeOvhmvrVe/QuJFNvc="}},"x3mD8nkivsZCnGlJC/wwoJTSXImZ8z4/um6W2v5TIOE=":{"valueMac":{"type":"Buffer","data":"ddKEY7rx3E25XZ/lSgqIaGdPgcs5q5Tw/rhxreMdQbI="}},"ybFI9irDNsHwStAP8iDhi4gMPOFkNu8ERLQvZdXamMY=":{"valueMac":{"type":"Buffer","data":"cxAjweE3Jc3SXUmJmHXnu7E6yPM6s+S/O0oR01AkNac="}},"zkErIfEI2ZLHU1f+Zu0Tdk3hdSbbv1gyi1vsfNACxF0=":{"valueMac":{"type":"Buffer","data":"sfx8e74daOm6x8kcS66oSMjG21CsRJoH7pkEtYKwDac="}},"zt+7YG0lrqfJEOWFSrfUTdhI4wVQkMFoSnrZii+BYVc=":{"valueMac":{"type":"Buffer","data":"P3v3tFKDeM6QvYo0DUBdFD4LDw/uuG6gbqGyW+1nA14="}},"1r6ApG/8dWUsCGhkF8jYF9DwufYlGrPM0aCiSSDsO1M=":{"valueMac":{"type":"Buffer","data":"Z4gBMg1PpTocKVIFnLU/5KKsnvY9TQVFwuXNEii/vSg="}},"2PbiK0/r8lRCrGP9aDG59N3FcHODCDDW5Lyp8ON85xk=":{"valueMac":{"type":"Buffer","data":"OrOLRr5tZs5BEW67n+5iid2qN1ysgqucSQrdDvRGEzY="}},"4GL2d3oe7BESSqGlLKESnTnB7dEYvxhV8f9NXCaJ3QQ=":{"valueMac":{"type":"Buffer","data":"qFCP2ch3P0VR1fmb+HFhyCf869HEiIeRWA19L5pAuAo="}},"7eVqX898HYU84XdYl44U4N7WYtV71QaF+4LstPKMh/0=":{"valueMac":{"type":"Buffer","data":"xW20yBWlbsipC2efnckeA0g5dBTlFdj+xxgnpgtPedc="}},"8VUoN4dgsDUjWx4UoQXrUWe6PIGi6bmt2L4Jq3zcvXc=":{"valueMac":{"type":"Buffer","data":"At8NboJDCk7hOKxwUCuqwU/QD9kuoqHFRzmOps9ef5g="}},"8gkl20xfOnmoFA4wB9VgHYkqSF5CpumX8vqsbEVMwcU=":{"valueMac":{"type":"Buffer","data":"f3QHCabW5ItHCcKr3df9N/Bowx6LL5D94DLUpgCmBhI="}},"9iscLnWxtx0ThpEVv2DMX15Ps+hC9qJlp+8tdzNCWYw=":{"valueMac":{"type":"Buffer","data":"/piu2QGceMiBbGeUdQxSk3MoghoRPZHWTOXogHM/Q5w="}},"+Hi4MBatu6voVY77mutrf0SuXf5tqE1yz+3VZNc1Nzg=":{"valueMac":{"type":"Buffer","data":"BV0U+mO+beu0/vyAoApU5zYHYkL83MWx0t+0xkKEDlE="}},"+PNHKURXVeq9xpAVjdmoufA/z0/d363dIhELsvV3hQE=":{"valueMac":{"type":"Buffer","data":"iLthO2A7hZZ1xcOkXHP4039BerZcn17bbwUouKvoR18="}},"+UtKPZ670uzI0BHm7pfzRCzXn2WHBtSIZefE+vWhndE=":{"valueMac":{"type":"Buffer","data":"F0xlsjaRLo5XQim/rTRFo+WUXQcFg/vVChNf8UnH3us="}},"+VMErFE1RIhJwEmw1h9m35WDTAHNPHX43JM1V8BQTD0=":{"valueMac":{"type":"Buffer","data":"4IMJIPsr1/kRR50Bty02SMNW9WyyTa+IyCMjAkbh0lI="}},"/qBe3j6qKV786pPGKNZc6SnoXdRZMCcQYWRKyz2GKSE=":{"valueMac":{"type":"Buffer","data":"iUK9DVCkiC0jt7hX3+qjQufiQ9nBcvK3tRQzS+59dws="}},"iNh3B9UGisOZRuukpiLpQ6cIR7yQM9Gh2xRBH8iAMlQ=":{"valueMac":{"type":"Buffer","data":"miLXFGCGUvPhxb6xJcG5Os9gJdcUnfoMixwqrK/Jrho="}},"t4AxAZ73Oeh5WO4I5IB+5TeoIsqdoQh+Bfe7x+qBlRY=":{"valueMac":{"type":"Buffer","data":"4Pct4QIGzQhPAdBk2sRo6fABo7puROgX48k5+zs5iz8="}},"HlEvwNbTjbAMHVVxTgd9Ng1HXirySEOQVRDX3NZ6vds=":{"valueMac":{"type":"Buffer","data":"q2pDoE0Tv8Rp1vSSjxmH8alHzIzk2PhCZfH2N2TLStA="}},"BSiY3DtaFL0ji5+vAtfNhXhhLRKGRWJ8o/tA67lXkkg=":{"valueMac":{"type":"Buffer","data":"Xpnw3BnO8OVN7tSSFQxzPtmbKOaIsLYTouTKoMKUAKM="}}}}