{"noiseKey":{"private":{"type":"Buffer","data":"oIpOSjc0rUuBucMyLxgkJ2Z7ckAyz7vGRjO4Dbl2/EI="},"public":{"type":"Buffer","data":"l7EjHlf6ZrSZGqnq7Rr7/jb/XguR2yzhpi9GVZbp5n4="}},"pairingEphemeralKeyPair":{"private":{"type":"Buffer","data":"ICcwY/RYu65wFk2UFCdAuO+t/jKW9fRv0yHaZKEUEEQ="},"public":{"type":"Buffer","data":"HRkptYyC4r6m7Spn0AWJ5qPiZC1nsrgMryz637EF4ko="}},"signedIdentityKey":{"private":{"type":"Buffer","data":"KLZbxgvClcEzvzJT5UFuy06UW+4zOj64eQW/ntmfXkc="},"public":{"type":"Buffer","data":"Pus85VVzAwbWz9pFziptPkK1lyG7GjaqBvkohrf/Zg4="}},"signedPreKey":{"keyPair":{"private":{"type":"Buffer","data":"YPnvFvh66itYe059Gop5F0B5hHWTCnzT1g0RJgn4ZEI="},"public":{"type":"Buffer","data":"K14bMLg1yRDUtfExfhMBQXcANwuryOAnjvcWgeIf+0g="}},"signature":{"type":"Buffer","data":"hYB0c26nbeboK+LYnbsLVlIr7Aa13s6IhGudPWNXxhW67u3YjWPkb0dBjK07ybFZpC5PX7UaB48YQ8kUbQfchw=="},"keyId":1},"registrationId":156,"advSecretKey":"mU1Br2xkUins78FA+pdOAG7kg43P68MFkpEMR5M3FBE=","processedHistoryMessages":[{"key":{"remoteJid":"62831214959218@s.whatsapp.net","fromMe":true,"id":"BED20CF60137456A19D876458C5B3256"},"messageTimestamp":1692781823},{"key":{"remoteJid":"62831214959218@s.whatsapp.net","fromMe":true,"id":"A855B6B0C37F8284E5E075E6DC2C1058"},"messageTimestamp":1692781830},{"key":{"remoteJid":"62831214959218@s.whatsapp.net","fromMe":true,"id":"41E115890455863E07BF7EFCF18D96BA"},"messageTimestamp":1692781857},{"key":{"remoteJid":"62831214959218@s.whatsapp.net","fromMe":true,"id":"8BB59B7992A6EE6461F4A6CBFE74C537"},"messageTimestamp":1692781858}],"nextPreKeyId":31,"firstUnuploadedPreKeyId":31,"accountSyncCounter":1,"accountSettings":{"unarchiveChats":false},"deviceId":"5sXmiNIKT0K955TV6kfZzQ","phoneId":"5283df3c-a9c9-4083-8723-12f7257daedf","identityId":{"type":"Buffer","data":"z/Q7r2JEA6QC5uyYAQdjHWgtdtk="},"registered":false,"backupToken":{"type":"Buffer","data":"eihcAgjR8NuRFthcx8Ez5ej06no="},"registration":{},"account":{"details":"CIu39nUQ95mXpwYYCg==","accountSignatureKey":"igTEYzmWlUdsTb9GH0d2dZ8NHF7+RIoNkaUZOqFNgU8=","accountSignature":"9WwsC9WeOAyCQYDp2yF2sf1f70oq3G6/mhb2PubJ1dEuxUh8vLqun4WwHBL1qzDtOTsRt9/0ZJFdmp5fU96YCQ==","deviceSignature":"UIzt7kfFKeH1GJU+x+CX0DoGywWMT0trZYw1H23Tb/YLzCBiXcjDMQcuNqy5/8MyyKD2H/V0xvQw9u9KUu+Yhw=="},"me":{"id":"62831214959218:14@s.whatsapp.net","name":"Sanzz-Md"},"signalIdentities":[{"identifier":{"name":"62831214959218:14@s.whatsapp.net","deviceId":0},"identifierKey":{"type":"Buffer","data":"BYoExGM5lpVHbE2/Rh9HdnWfDRxe/kSKDZGlGTqhTYFP"}}],"platform":"smba","lastAccountSyncTimestamp":1692781862,"myAppStateKeyId":"AAAAADSi"}