{"_sessions":{"Bcv8Filqj0h5MSOnQC9pK38yN8nWA3GTgzKMP3Uyy0IZ":{"registrationId":1286662138,"currentRatchet":{"ephemeralKeyPair":{"pubKey":"BQHu9tNubkNZmZCEjXS+hbToPJFOtpIo0kY0VyCJXZVn","privKey":"6Opoeuik5y8AZhJXme2i5AmdCij+VqXXIJFRjEx3JVo="},"lastRemoteEphemeralKey":"BbsOy9kfSTpd66eI98zyt+spWYTGx4gbr7Fnfo4+BhYQ","previousCounter":0,"rootKey":"lTWi2vuvk6ANslI+vZwAzXVJqhQLqnTbILOIl+kVxVc="},"indexInfo":{"baseKey":"Bcv8Filqj0h5MSOnQC9pK38yN8nWA3GTgzKMP3Uyy0IZ","baseKeyType":2,"closed":1692781875086,"used":1692781353918,"created":1692781353918,"remoteIdentityKey":"BaZqwX6L9Wg7GIUR96YTkihxKh9VmzrhJmFvzz4deyMi"},"_chains":{"BbsOy9kfSTpd66eI98zyt+spWYTGx4gbr7Fnfo4+BhYQ":{"chainKey":{"counter":2,"key":"9UKbY+ryxJASqZRWyA7UV8WCY2tx4XKIHWX5eYLMzo0="},"chainType":2,"messageKeys":{}},"BQHu9tNubkNZmZCEjXS+hbToPJFOtpIo0kY0VyCJXZVn":{"chainKey":{"counter":-1,"key":"wmiRHSq/k8bgDL0xSxpdKgLpfMrZhxZQGGks/PmyZBU="},"chainType":1,"messageKeys":{}}}},"BRc5gordY2VqRV/Tq8o4wi2OUpFp/7POWCFX9N3mCXoK":{"registrationId":1286662138,"currentRatchet":{"ephemeralKeyPair":{"pubKey":"BVw7AEyuSkp8zly7AnttHYnuXcGn/C9VhqPHb9k11IFJ","privKey":"YLdIZTZQ23AEfR8N5WBtHKqySiMXyAz+2d3moH/1sHw="},"lastRemoteEphemeralKey":"BeclZBW2HAl1Enqx4rzl29uG8XIA8byA5gRKUCNa7FJy","previousCounter":0,"rootKey":"e5KPoBxA+xNqBoZt/3UnEswKyOrPX9MASDAyAdA0MnQ="},"indexInfo":{"baseKey":"BRc5gordY2VqRV/Tq8o4wi2OUpFp/7POWCFX9N3mCXoK","baseKeyType":2,"closed":-1,"used":1692781875108,"created":1692781875108,"remoteIdentityKey":"BaZqwX6L9Wg7GIUR96YTkihxKh9VmzrhJmFvzz4deyMi"},"_chains":{"BeclZBW2HAl1Enqx4rzl29uG8XIA8byA5gRKUCNa7FJy":{"chainKey":{"counter":2,"key":"jGosDsC9juUVRG5OpROd3fF6N1bnpeL0HPW+nI0dfSE="},"chainType":2,"messageKeys":{}},"BVw7AEyuSkp8zly7AnttHYnuXcGn/C9VhqPHb9k11IFJ":{"chainKey":{"counter":-1,"key":"qS0MMM1DtMn/5hTyeiib61Oxd6y81afoIFHTnaImjRo="},"chainType":1,"messageKeys":{}}}}},"version":"v1"}