{"_sessions":{"BZB9c/hl82TEulGDl0ZIDtW6ga+DGvIj71+QkYNV6Qor":{"registrationId":821740057,"currentRatchet":{"ephemeralKeyPair":{"pubKey":"BXmndo7mxaLKuFKkZwwNh8P7dvqHSwB16rpmyS1HMK9b","privKey":"cJZ48SM1knhrwP/JQJs2Y9kYAQlR86xaGyevYQGpm1Q="},"lastRemoteEphemeralKey":"BViGZH8CtExp/mVn1eCVsCshs9UPlGEEjyycgmR/fxJQ","previousCounter":0,"rootKey":"ENmLuR9/4BwwLcEcO8ns3BgcOUOcRp/pdq7SerEA8KE="},"indexInfo":{"baseKey":"BZB9c/hl82TEulGDl0ZIDtW6ga+DGvIj71+QkYNV6Qor","baseKeyType":2,"closed":1692781821594,"used":1692781272966,"created":1692781272964,"remoteIdentityKey":"BYoExGM5lpVHbE2/Rh9HdnWfDRxe/kSKDZGlGTqhTYFP"},"_chains":{"BViGZH8CtExp/mVn1eCVsCshs9UPlGEEjyycgmR/fxJQ":{"chainKey":{"counter":7,"key":"sUunhQgI4UNpFm1yO+awtMSNsb1p7Q1GSyNGrAmFUPI="},"chainType":2,"messageKeys":{}},"BXmndo7mxaLKuFKkZwwNh8P7dvqHSwB16rpmyS1HMK9b":{"chainKey":{"counter":-1,"key":"YF9BJpzmRO80norsrC325AMYMrqn6iGSnJ/N40eIswk="},"chainType":1,"messageKeys":{}}}},"BWRVVW7jLHRZxHF5WYqVskG+YTksPXuINDj5/rRbPUc0":{"registrationId":821740057,"currentRatchet":{"ephemeralKeyPair":{"pubKey":"BY8rBGpZJZWXrBWP3vFMN2MjgjQKL7O/QZm9DWpHEUpZ","privKey":"WLLqFwXYUbMnbRNGWPF4Y3SlUFZMpFB88h5FYR7pLEA="},"lastRemoteEphemeralKey":"BfrT1Qlr/qlxLkHCE5nePo7KVfiq3n1zNHuT3ittYHh4","previousCounter":0,"rootKey":"ufpavYc5qWLgHiXKod7gKy8oZ5rRhqo7+rCUTlcKyUM="},"indexInfo":{"baseKey":"BWRVVW7jLHRZxHF5WYqVskG+YTksPXuINDj5/rRbPUc0","baseKeyType":2,"closed":-1,"used":1692781821614,"created":1692781821613,"remoteIdentityKey":"BYoExGM5lpVHbE2/Rh9HdnWfDRxe/kSKDZGlGTqhTYFP"},"_chains":{"BfrT1Qlr/qlxLkHCE5nePo7KVfiq3n1zNHuT3ittYHh4":{"chainKey":{"counter":7,"key":"bld6mJsJyWDb38vcrcmobqmRixfHtMje+CJZZfZ+jYY="},"chainType":2,"messageKeys":{}},"BY8rBGpZJZWXrBWP3vFMN2MjgjQKL7O/QZm9DWpHEUpZ":{"chainKey":{"counter":-1,"key":"qLB29Y/2REzROlmp2RlWiKNN8yelARzJKuBw/jsQIDs="},"chainType":1,"messageKeys":{}}}}},"version":"v1"}